Percentage of respondents who checked the property at least once,Relevance,Causes Outcome,Reliability,Causes Disparity,Caused by Group,Causes Cycle,Volitionality,Privacy
Bail,1.0,0.9452054794520548,1.0,0.5205479452054794,0.3287671232876712,0.5205479452054794,0.9863013698630136,0.8904109589041096
CPS,0.9859154929577465,0.8732394366197183,0.8591549295774648,0.676056338028169,0.43661971830985913,0.5070422535211268,0.7887323943661971,0.7323943661971831
Hos,0.9811320754716981,0.9622641509433962,0.8867924528301887,0.6226415094339622,0.4339622641509434,0.6037735849056604,0.8113207547169812,0.6226415094339622
Ins,0.9552238805970149,0.8805970149253731,0.8656716417910447,0.746268656716418,0.5223880597014925,0.6567164179104478,0.8208955223880597,0.7611940298507462
Loan,1.0,0.9625,0.8875,0.7875,0.525,0.65,0.95,0.7375
Unem,0.9876543209876543,0.9135802469135802,0.8888888888888888,0.7654320987654321,0.5185185185185185,0.6790123456790124,0.9506172839506173,0.691358024691358
