Domain,Percentage of respondents who filled out the 'other' option at least once
Bail,0.0684931506849315
CPS,0.0
Hos,0.07547169811320754
Ins,0.07462686567164178
Loan,0.0875
Unem,0.04938271604938271
